Name,KD (M) - Mean,KD - STD log10,Kon (1/Ms) - Mean,Kon - STD log10,Koff (1/s) - Mean,Koff - STD log10,Sequence,Replicate Check,Number of Replicates,Variability Check
IL7Ra_binder_design_1,2.15e-05,,1.00e+00,,2.15e-05,,ELKELEEAVRAIKTARMRIEKDPSVAKEELEKVIEKLEKAAEVVSNKEFIQKQVEELKELKEKLKDEEDVEKVLDYLEEAEAEIFELYYEAKKK,False,1,
IL7Ra_binder_design_10,nan,nan,nan,nan,nan,nan,SVQLEALEILIKELKKELEKAKKELEKASPEEKKKLEEKAKKLEELLKEAEELKKKIEKGEISSEEAAKKIKKISDEYLELKTD,False,1,
IL7Ra_binder_design_11,nan,nan,nan,nan,nan,nan,MEKEKKAKEIVERLKKAIPNIVSYKVEGDEVEVKVKNPTEEDKLILEMAKDAFELLGVKVKIEIE,False,1,
IL7Ra_binder_design_12,6.40e-06,,1.00e+00,,6.40e-06,,ERLEKLAERYKIVIEAKVEEDLEDLEKFINALVEQTSPEDAPALLRALKEVAEKLGEEKAEAKEILLKAAEKIEKKLAAA,False,1,
IL7Ra_binder_design_13,nan,nan,nan,nan,nan,nan,KEKAKYIAETAYNLLEERGKAVSIEFEGNEVKITVKSLDEAEKKIVEAAKKALAELGFTLTVEVA,False,1,
IL7Ra_binder_design_14,> 1e-6,nan,nan,nan,4.57e-03,,SELEKVKEKLLELIEELKKKGYEEAAERFKKELEKALKEPDALERVELLLTLAEDILN,False,1,
IL7Ra_binder_design_15,> 1e-6,nan,nan,nan,4.70e-03,,EELEKAKEALKKALEASSVDLAEEVLAKVFEVEDKAVELRKEGKEEEAKKLELEGYKKAVEELEKA,False,1,
IL7Ra_binder_design_17,nan,nan,nan,nan,nan,nan,AKELVEKAVEKWEEGLYYYFEALELYKEGGDKEKMKEYVEKTEEKTKEAVELFKEAAKKDPSLKIAYEQVEKAAKKAIEEAKKALEEH,False,1,
IL7Ra_binder_design_2,> 1e-6,nan,nan,nan,4.12e-03,,EREEQIEEAIELFIKRAKELGAKEVKYEGNKITVKAPTKEVYEALKILGEILEEKVGIEVNVELV,False,1,
IL7Ra_binder_design_20,1.44e-07,,1.69e+04,,2.44e-03,,MIKIVAKGTEEQMEFAAVVMEDIGFEVVELEGGYLVVEGEIPRELAERIVEALKEAGIEAELIE,False,1,
IL7Ra_binder_design_23,> 1e-6,nan,nan,nan,nan,nan,DEEEKKKLAEEAIEAVEKGDLEKAKELLKKLAEAAKTEEEAEKWLSEAIREAAKKIKDDEKVDDLKYAAVEALEERKK,False,1,
IL7Ra_binder_design_26,2.67e-07,,1.24e+04,,3.31e-03,,KLREEYQKAANEGEKAIKEGNAEEALKAAKKVKEVAEKFKKEGDEKSAYVAKVKAEELEEKAKELAK,False,1,
IL7Ra_binder_design_29,3.34e-07,,1.66e+04,,5.55e-03,,KEEEREKFVEFFKELLKDNDEKTREIIKEQAIKVAEEEGDEELLKKIKEAIEEV,False,1,
IL7Ra_binder_design_3,nan,nan,nan,nan,nan,nan,DALKEASKLMSEALLKEAEETTDEETKEALRKMAELVKAEKPEVLEEAQRALFEAKIEGEKAAEVAKEGLERMKALVEG,False,1,
IL7Ra_binder_design_30,1.30e-07,,2.58e+04,,3.35e-03,,DKLKELAEERIQDICEEKGIDVEVKIEGNTLIAKTKSDREEDKKYVIELGEKVAKILGIEFKYIP,False,1,
IL7Ra_binder_design_31,nan,nan,nan,nan,nan,nan,EEAEKYIEEARKLIEEAKKLAKELKEKKEELDEEEVEKLTKEAVEKLEKARELVEKAEELDPERGKELRKELAETADLLFEAISEAFAAVKKRK,False,1,
IL7Ra_binder_design_33,6.45e-08,,9.46e+04,,6.10e-03,,KKVELLEKIAELFRKLVGASREEAKKLLEEIKKLAEELEKYDPEEGKWVQKVVDYLLEILETKSQEEFDEAAEKAAKILEILAEYYRE,False,1,
IL7Ra_binder_design_35,6.10e-06,,1.00e+00,,6.10e-06,,EKEKKEAEQLAEFSEDAVKKLKVIAEKADEKLKELYTKAAELFKKAAEAAKSGETLEEAKKLFEEARKLVEEAQELE,False,1,
IL7Ra_binder_design_37,2.38e-07,,1.82e+04,,4.33e-03,,EDKKEAEEALEEAEKAKKELEKALKELAELDPSLKEEAEEMIKVAEERIKKTKEIIKEDAKKGKLAAESLKEILEDAAKAVKKRVEKLKA,False,1,
IL7Ra_binder_design_4,nan,nan,nan,nan,nan,nan,AAEKAEEVVRALREAVERAVELIKKDAKKGAKEARRRLEEVAELAAEAFPEVGERIRNDLRIMGTQVEDLVEEGDVEGAIEALRKGAERLVEFIREEAAR,False,1,
IL7Ra_binder_design_45,1.60e-05,,1.00e+00,,1.60e-05,,PEEELERVKEIAEAASEGAKEFAEKVVKLAEAVLEGAVSPEALLDLAEKAKKYAENEKEENKDDPKVVEKAEDIKAIAEALKEFAEKVLKE,False,1,
IL7Ra_binder_design_48,1.90e-05,,1.00e+00,,1.90e-05,,SEAEKAAEKAREALKKAKEARKKFEEAAKKLAEKRPELKEDMEEAIKKAREDIKELEKKIEEAEKKGDAEELEKIAKAAEELAELLEDGAKKVEEAL,False,1,
IL7Ra_binder_design_5,> 1e-6,nan,nan,nan,4.45e-03,,EEKEKAKEIIDRAVKEAKKEAEKEDEETKKKTLEIIERAELVVKADLEIGKSFEYIKKRLEAAAELVPEEVAKILREAAEEVKKA,False,1,
IL7Ra_binder_design_52,nan,nan,nan,nan,nan,nan,KEREKELKKAKEEAEKYLKEGEKAIEEGDLEGLRKLFAEILRKIEESKDEEIKKIFEDTRAEIVLKALEKR,False,1,
IL7Ra_binder_design_53,> 1e-6,nan,nan,nan,7.80e-03,,EEEEKERKKKISECIREVGKEVAKELEEKTGNKEAAKEVEKAAEYLAKAVQGDDDEAEKLSEKASELFQKVAELIDKETAEEVAEELLDRIADCINEAY,False,1,
IL7Ra_binder_design_55,4.00e-08,,3.06e+04,,1.23e-03,,SELQEIAKEAGKKITEATGKKVEVEAEGNKIVIKVEEADEKTREVAEIVIEMLKDAGIEAEFEEV,False,1,
IL7Ra_binder_design_6,> 1e-6,nan,nan,nan,3.29e-03,,EEKKKEIKEEAEKKAEEAFPKDKEEALKVKMAIDAIYRAKTKESRERVLEIASKYLSEKGMEIVKEFAEKLEELD,False,1,
IL7Ra_binder_design_61,1.20e-07,,3.33e+04,,4.01e-03,,SEEEERRRREEIEREFEERKEEILELARKLKKLREEGAPSEEISKAAEELQEKLFDLAEWMREKGLPEEKIEELREEVEEVLK,False,1,
IL7Ra_binder_design_62,9.50e-06,,1.00e+00,,9.50e-06,,SEEEEKAKREYIAAVIEDALDYIAESLEAEGDKEEAQRIREARPVVVEALKESIEKAIELLKKLAEESKNEKTKESLKRIAEALEKEL,False,1,
IL7Ra_binder_design_68,5.32e-08,,2.55e+04,,1.36e-03,,EVLEKAKELYEKAKELIEEAKKLAEEGNFEEAEKKIEEVRELVLELLELAEDYPEIKEIAEEAAKLLLETVEYYHEKKEE,False,1,
IL7Ra_binder_design_7,> 1e-6,nan,nan,nan,nan,nan,AMEEVEKLLEEAGKYAQKAMELDPSIAKEVAQLMHDVLEALSEHKDPEEAAKALREVAEKVRELAKKASEEAAKLLEKAAEYIERAADVLEG,False,1,
IL7Ra_binder_design_70,8.25e-07,,1.44e+04,,1.19e-02,,EEALKLAEQVAKAIEEKTGTKVKVELKDGKIVLIAENANEETKEDLEIAVTLFEDRGVEAEFRVE,False,1,
IL7Ra_binder_design_71,1.79e-07,,2.25e+04,,4.04e-03,,SLEEKLQEVLEKLPAEVAEEAQDIYFDELLKGKSFAEAAKAVAEYLKEKGYEEEAKELIEAVEKA,False,1,
IL7Ra_binder_design_74,6.39e-08,,2.12e+04,,1.35e-03,,EEEEKKAKLVAESWKEYAKDLVEKVKAAAEKGAITPEEIKEIIEELKKKAKETAEKFPLVKDEILETAEKAAKELEEIAKEYEEKH,False,1,
IL7Ra_binder_design_77,> 1e-6,nan,nan,nan,7.99e-03,,KKKLEEAKEIVVALLEHNGIKVVEAEVGDEIRIKVETDDKERAKKVVEYIKEKMKEVGIKLTVEF,False,1,
IL7Ra_binder_design_78,3.61e-07,,1.49e+04,,5.38e-03,,SKIEELIKKGVKAFEEGKEEEAVKYFYEAAKELGKEEEFKKLMEEIYKEGYSKAEAAFLALKTIYDKL,False,1,
IL7Ra_binder_design_8,6.60e-06,,1.00e+00,,6.60e-06,,MAVVTAPDTPDVREFAEKVAKYYGWEKYKEGDKIVIKCDSLEIAEQVAKLLDLLAPGAKCEP,False,1,
IL7Ra_binder_design_84,> 1e-6,nan,nan,nan,4.91e-03,,MEKIEWLKEFAKKAGKELGVEVEVEVEGDKIIVHLSGGDEERKEILKALIEDVAEVLGVEVEVIE,False,1,
IL7Ra_binder_design_88,7.71e-08,,2.91e+04,,2.25e-03,,SMITEEEKLKAAADFIETRSEEVYKKLLEQAEKLGSEEIKEEAKKFLEYGKKAAEAYRKGDVEEAKKYQEKAAEYAEKAVDLIEK,False,1,
IL7Ra_binder_design_9,> 1e-6,nan,nan,nan,5.96e-03,,MEVKEKAAEIVLKAGEEAAKDPSKAAEIWREAAKEVWTLIEEEIGEEEAEKAKAAIVEAYYEAKKTGDYLGAAKKAVEEIK,False,1,
IL7Ra_binder_design_92,9.41e-08,,2.00e+04,,1.88e-03,,MELLKKAEEAVELVKEVAEKLDKETARILFLTAVDQGAAPVLRAAAEILREEAKKTGREEEAEKLERAAELAEEAAQDPEAEAYLRKELEKKAEEIE,False,1,
IL7Ra_binder_design_95,1.75e-06,,1.00e+00,,1.75e-06,,MEKEREELRKKLEELVKETLKLIDELIKLLKEKGEEWKEVIEELEKLKKELEERLKKSDELDYEELKHEYEGVESLYNLVSDLLEKIKK,False,1,
